{
  "benchmark": "numpy_suite",
  "size": 1000000,
  "runs": 50,
  "operations": {
    "sqrt": {
      "times_sec": [
        0.004230800084769726,
        0.004273999948054552,
        0.004229099955409765,
        0.004243999952450395,
        0.0042397999204695225,
        0.004366900073364377,
        0.004237799905240536,
        0.00422989996150136,
        0.0042403999250382185,
        0.004358700010925531,
        0.004269199911504984,
        0.004276899853721261,
        0.0043033999390900135,
        0.0043437001295387745,
        0.004454300040379167,
        0.004310199990868568,
        0.004283899907022715,
        0.004580800188705325,
        0.004592100158333778,
        0.004233499988913536,
        0.004262799862772226,
        0.00437349989078939,
        0.004251699894666672,
        0.004254200030118227,
        0.004358999896794558,
        0.0042357000056654215,
        0.004234999883919954,
        0.00433499994687736,
        0.004241000162437558,
        0.004238200141116977,
        0.004247700097039342,
        0.004323099972680211,
        0.004266500007361174,
        0.0042703000362962484,
        0.0042474998626858,
        0.0043420998845249414,
        0.004377999808639288,
        0.004282400012016296,
        0.0043437001295387745,
        0.004481499781832099,
        0.004391700029373169,
        0.0042594000697135925,
        0.004303299821913242,
        0.0046906000934541225,
        0.004529899917542934,
        0.0042600000742822886,
        0.0044068999122828245,
        0.004266700008884072,
        0.004255999810993671,
        0.004473100183531642
      ],
      "mean_sec": 0.004322117981500923,
      "min_sec": 0.004229099955409765,
      "max_sec": 0.0046906000934541225
    },
    "sort": {
      "times_sec": [
        0.08267410006374121,
        0.08180660009384155,
        0.08212489983998239,
        0.08296280005015433,
        0.08235560008324683,
        0.08188760001212358,
        0.08182780002243817,
        0.08347940002568066,
        0.08209319994784892,
        0.08202419988811016,
        0.08218990010209382,
        0.0820240001194179,
        0.08206199994310737,
        0.08217080007307231,
        0.08314649993553758,
        0.08197759999893606,
        0.08197900000959635,
        0.08244669996201992,
        0.08300300012342632,
        0.0820088000036776,
        0.08194490009918809,
        0.08192640007473528,
        0.08206489984877408,
        0.08206539996899664,
        0.08168799988925457,
        0.08195360004901886,
        0.08237429987639189,
        0.08242770005017519,
        0.08191760000772774,
        0.08206570008769631,
        0.08188590011559427,
        0.08246269985102117,
        0.08207749994471669,
        0.08225239999592304,
        0.08228750014677644,
        0.08244289993308485,
        0.08231229986995459,
        0.08264130004681647,
        0.08186010015197098,
        0.08202289999462664,
        0.0821775000076741,
        0.08281970000825822,
        0.08213720005005598,
        0.08255359996110201,
        0.08285679994150996,
        0.08270390005782247,
        0.08218979998491704,
        0.08258179994300008,
        0.08283279999159276,
        0.08214839990250766
      ],
      "mean_sec": 0.08227840000297874,
      "min_sec": 0.08168799988925457,
      "max_sec": 0.08347940002568066
    }
  },
  "toolchain": "msvc",
  "platform": "arm64",
  "machine": {
    "machine_id": "gleb-devkit-arm64",
    "hostname": "GLEB-DEVKIT",
    "arch": "ARM64",
    "processor": "ARMv8 (64-bit) Family 8 Model D4B Revision   0, Qualcomm Technologies Inc",
    "os": "Windows-11-10.0.27975-SP0",
    "cpu_count": 8
  }
}