{
  "benchmark": "numpy_suite",
  "size": 1000000,
  "runs": 50,
  "operations": {
    "sqrt": {
      "times_sec": [
        0.0029685001354664564,
        0.0029150000773370266,
        0.0029772999696433544,
        0.0029414999298751354,
        0.0029863000381737947,
        0.0029464000836014748,
        0.0029211000073701143,
        0.002909800037741661,
        0.0030180998146533966,
        0.0029152999632060528,
        0.0029074999038130045,
        0.002905600005760789,
        0.0029110999312251806,
        0.002932199975475669,
        0.002907699905335903,
        0.0029094000346958637,
        0.002908799797296524,
        0.0029044998809695244,
        0.0029284001793712378,
        0.002953500021249056,
        0.002912400057539344,
        0.0029100999236106873,
        0.0029006998520344496,
        0.0029012998566031456,
        0.002927500056102872,
        0.0029231999069452286,
        0.002911900170147419,
        0.0029146999586373568,
        0.0029165998566895723,
        0.0030541999731212854,
        0.0029492999892681837,
        0.002942799823358655,
        0.002933999989181757,
        0.0029187998734414577,
        0.0029766999650746584,
        0.00296289985999465,
        0.002929199952632189,
        0.003006499959155917,
        0.002920400118455291,
        0.00290870014578104,
        0.0030759999062865973,
        0.002939000027254224,
        0.003005499951541424,
        0.002905600005760789,
        0.0029101998079568148,
        0.0029223000165075064,
        0.0029068998992443085,
        0.002909999806433916,
        0.0029082000255584717,
        0.002903599990531802
      ],
      "mean_sec": 0.0029355439683422446,
      "min_sec": 0.0029006998520344496,
      "max_sec": 0.0030759999062865973
    },
    "sort": {
      "times_sec": [
        0.07925409986637533,
        0.0793971000239253,
        0.07933029998093843,
        0.07928219996392727,
        0.0803598000202328,
        0.08022320014424622,
        0.08043030020780861,
        0.08075730013661087,
        0.08038860000669956,
        0.08036720007658005,
        0.0804638999979943,
        0.08051729993894696,
        0.08047270006500185,
        0.08170689991675317,
        0.08097260002978146,
        0.08044379996135831,
        0.08068180014379323,
        0.0814656000584364,
        0.08133079996332526,
        0.08630910003557801,
        0.08019200013950467,
        0.08081280020996928,
        0.0806547999382019,
        0.08081959979608655,
        0.08069410012103617,
        0.08090610010549426,
        0.08171840012073517,
        0.080654599936679,
        0.08022030000574887,
        0.08038599998690188,
        0.08039729995653033,
        0.08063809992745519,
        0.08113669999875128,
        0.08062379993498325,
        0.08071499993093312,
        0.08080350002273917,
        0.08141430001705885,
        0.08041179995052516,
        0.081234100041911,
        0.08118270011618733,
        0.08116189995780587,
        0.08054959983564913,
        0.07997409999370575,
        0.08060440002009273,
        0.08132360014133155,
        0.08047719998285174,
        0.08076829998753965,
        0.0806082000490278,
        0.08113770000636578,
        0.08139220019802451
      ],
      "mean_sec": 0.0807553560193628,
      "min_sec": 0.07925409986637533,
      "max_sec": 0.08630910003557801
    }
  },
  "toolchain": "msvc",
  "platform": "arm64",
  "machine": {
    "machine_id": "gleb-devkit-arm64",
    "hostname": "GLEB-DEVKIT",
    "arch": "ARM64",
    "processor": "ARMv8 (64-bit) Family 8 Model D4B Revision   0, Qualcomm Technologies Inc",
    "os": "Windows-11-10.0.27975-SP0",
    "cpu_count": 8
  }
}