{
  "benchmark": "numpy_suite",
  "size": 1000000,
  "runs": 50,
  "operations": {
    "sqrt": {
      "times_sec": [
        0.00422410003375262,
        0.004229399957694113,
        0.0042122999439015985,
        0.004220300004817545,
        0.004211300052702427,
        0.004164600046351552,
        0.004184099962003529,
        0.004242399940267205,
        0.004158399999141693,
        0.004132399917580187,
        0.004060400067828596,
        0.004281400004401803,
        0.004398299963213503,
        0.004322499968111515,
        0.004713200032711029,
        0.004290799959562719,
        0.004134899936616421,
        0.004165199934504926,
        0.004225100041367114,
        0.004183699958957732,
        0.004176000016741455,
        0.004211200051940978,
        0.004162800032645464,
        0.0041742000030353665,
        0.004268700024113059,
        0.004400500096380711,
        0.004249999998137355,
        0.004252400016412139,
        0.004313899902626872,
        0.004208300029858947,
        0.004187599988654256,
        0.004157799994572997,
        0.004130200017243624,
        0.00436769996304065,
        0.004351199953816831,
        0.0041992999613285065,
        0.004333799937739968,
        0.004228199948556721,
        0.004196800058707595,
        0.00420210009906441,
        0.004158299998380244,
        0.004314000019803643,
        0.004476900096051395,
        0.0045547999907284975,
        0.004802100011147559,
        0.004191200016066432,
        0.004194100038148463,
        0.004154899972490966,
        0.004195199930109084,
        0.004167399951256812
      ],
      "mean_sec": 0.004254727996885777,
      "min_sec": 0.004060400067828596,
      "max_sec": 0.004802100011147559
    },
    "sort": {
      "times_sec": [
        0.044159999932162464,
        0.04378389997873455,
        0.043730299919843674,
        0.043679800000973046,
        0.04323859990108758,
        0.04347460006829351,
        0.04342430003453046,
        0.042814699932932854,
        0.04331480001565069,
        0.04317220009397715,
        0.04295899998396635,
        0.043791300035081804,
        0.04329679999500513,
        0.043171699973754585,
        0.04336210002657026,
        0.04339649993926287,
        0.04360519989859313,
        0.04343770002014935,
        0.04319129989016801,
        0.04359620006289333,
        0.043461899971589446,
        0.04342040000483394,
        0.04509369994048029,
        0.04857899993658066,
        0.04811820003669709,
        0.047693800064735115,
        0.04567700007464737,
        0.04529860010370612,
        0.04581569996662438,
        0.04535010003019124,
        0.04730790003668517,
        0.047346699982881546,
        0.04583519999869168,
        0.04561719996854663,
        0.04580409999471158,
        0.04597009997814894,
        0.04698589991312474,
        0.0460999000351876,
        0.04674920008983463,
        0.0466454999987036,
        0.04675920004956424,
        0.04523050005082041,
        0.046757199917919934,
        0.046465200022794306,
        0.04565729992464185,
        0.045609000022523105,
        0.049462700029835105,
        0.04806459997780621,
        0.04827649996150285,
        0.048321899957954884
      ],
      "mean_sec": 0.04524150399491191,
      "min_sec": 0.042814699932932854,
      "max_sec": 0.049462700029835105
    }
  },
  "toolchain": "llvm",
  "platform": "arm64",
  "machine": {
    "machine_id": "gleb-devkit-arm64",
    "hostname": "GLEB-DEVKIT",
    "arch": "ARM64",
    "processor": "ARMv8 (64-bit) Family 8 Model D4B Revision   0, Qualcomm Technologies Inc",
    "os": "Windows-11-10.0.27975-SP0",
    "cpu_count": 8
  }
}