{
  "benchmark": "numpy_suite",
  "size": 1000000,
  "runs": 50,
  "operations": {
    "sqrt": {
      "times_sec": [
        0.004233699990436435,
        0.0041328000370413065,
        0.004110799869522452,
        0.0041208998300135136,
        0.004187099868431687,
        0.004140499979257584,
        0.004124399973079562,
        0.004128400003537536,
        0.004265999887138605,
        0.004130500135943294,
        0.004122599959373474,
        0.00413680006749928,
        0.004259000066667795,
        0.004221699899062514,
        0.004139899974688888,
        0.004130600020289421,
        0.004294800106436014,
        0.004264600109308958,
        0.004368799971416593,
        0.0042489999905228615,
        0.004210800165310502,
        0.00420630001462996,
        0.004193800035864115,
        0.004208599915727973,
        0.004191099898889661,
        0.004210099810734391,
        0.004186799982562661,
        0.004311100114136934,
        0.004202600102871656,
        0.0042421999387443066,
        0.004210199927911162,
        0.004748400067910552,
        0.004223800031468272,
        0.0042044001165777445,
        0.004243699833750725,
        0.0041594000067561865,
        0.0041495999321341515,
        0.004140699980780482,
        0.004201200092211366,
        0.00422229990363121,
        0.004161400021985173,
        0.00413349992595613,
        0.004224499920383096,
        0.00427249982021749,
        0.004332599928602576,
        0.004155100090429187,
        0.004195299930870533,
        0.004170499974861741,
        0.00421230006031692,
        0.004153599962592125
      ],
      "mean_sec": 0.004208825984969735,
      "min_sec": 0.004110799869522452,
      "max_sec": 0.004748400067910552
    },
    "sort": {
      "times_sec": [
        0.04165560007095337,
        0.04164499999023974,
        0.04185070004314184,
        0.04143019998446107,
        0.0416983999311924,
        0.041709200013428926,
        0.041620799805969,
        0.04185270005837083,
        0.04159300005994737,
        0.04179069981910288,
        0.041989400051534176,
        0.041547999950125813,
        0.04167490010149777,
        0.041838400065898895,
        0.041657600086182356,
        0.0416591998655349,
        0.041563300183042884,
        0.04208860010839999,
        0.04182010004296899,
        0.041703099850565195,
        0.043243000051006675,
        0.04337240010499954,
        0.04357590014114976,
        0.04406340001150966,
        0.042910899966955185,
        0.04297819989733398,
        0.0435223001986742,
        0.04328019986860454,
        0.04288690001703799,
        0.04316659993492067,
        0.04296430014073849,
        0.04303259984590113,
        0.04285530000925064,
        0.043181100161746144,
        0.04343950003385544,
        0.04312500008381903,
        0.04369250009767711,
        0.04303299984894693,
        0.0434406001586467,
        0.04429750004783273,
        0.04352790000848472,
        0.0433786001522094,
        0.04308879980817437,
        0.04322570003569126,
        0.04387599998153746,
        0.042955199955031276,
        0.0433599001262337,
        0.042876899940893054,
        0.04286430007778108,
        0.04329079994931817
      ],
      "mean_sec": 0.042657884014770386,
      "min_sec": 0.04143019998446107,
      "max_sec": 0.04429750004783273
    }
  },
  "toolchain": "llvm",
  "platform": "arm64",
  "machine": {
    "machine_id": "gleb-devkit-arm64",
    "hostname": "GLEB-DEVKIT",
    "arch": "ARM64",
    "processor": "ARMv8 (64-bit) Family 8 Model D4B Revision   0, Qualcomm Technologies Inc",
    "os": "Windows-11-10.0.27975-SP0",
    "cpu_count": 8
  }
}