{
  "benchmark": "numpy_suite",
  "size": 1000000,
  "runs": 50,
  "operations": {
    "sqrt": {
      "times_sec": [
        0.005028299987316132,
        0.0050709000788629055,
        0.004755500005558133,
        0.004836699925363064,
        0.0057860000524669886,
        0.005621000076644123,
        0.00514880008995533,
        0.005037400056608021,
        0.004873399971984327,
        0.004888700088486075,
        0.004996900097467005,
        0.004913500044494867,
        0.004833500017412007,
        0.004765500081703067,
        0.004979600082151592,
        0.005137000000104308,
        0.004953099996782839,
        0.004810399957932532,
        0.005152900004759431,
        0.0049501999747008085,
        0.0046854999382048845,
        0.005099099944345653,
        0.005081000039353967,
        0.004859000095166266,
        0.0050709000788629055,
        0.00502849998883903,
        0.004732300061732531,
        0.005166999995708466,
        0.005258599994704127,
        0.0048611999955028296,
        0.004843599977903068,
        0.004714699927717447,
        0.0047417000168934464,
        0.004875199985690415,
        0.004730399930849671,
        0.004758500028401613,
        0.005030400003306568,
        0.005235200049355626,
        0.005089999991469085,
        0.004823300056159496,
        0.005052299937233329,
        0.005050899926573038,
        0.004779699956998229,
        0.004952799994498491,
        0.00487139995675534,
        0.004824100062251091,
        0.004891399992629886,
        0.005137300002388656,
        0.004803500021807849,
        0.004786900011822581
      ],
      "mean_sec": 0.0049675140110775826,
      "min_sec": 0.0046854999382048845,
      "max_sec": 0.0057860000524669886
    },
    "sort": {
      "times_sec": [
        0.08569350000470877,
        0.08806470001582056,
        0.08514299988746643,
        0.08323690004181117,
        0.08485689992085099,
        0.08382589998655021,
        0.0846956999739632,
        0.08532889990601689,
        0.08523530000820756,
        0.0841425999533385,
        0.0836482000304386,
        0.08356900000944734,
        0.08390620001591742,
        0.08611059992108494,
        0.08683160005602986,
        0.08572560001630336,
        0.08681270002853125,
        0.08763030008412898,
        0.08856900001410395,
        0.08365059993229806,
        0.08102030004374683,
        0.08133840002119541,
        0.08069309999700636,
        0.08108489995356649,
        0.08080569992307574,
        0.08101219998206943,
        0.08060449990443885,
        0.0819597999798134,
        0.08176309999544173,
        0.08189749997109175,
        0.08106039999984205,
        0.08083970006555319,
        0.08103279990609735,
        0.08079339994583279,
        0.08168169995769858,
        0.08113920001778752,
        0.08063359989318997,
        0.08046980004291981,
        0.08063999994192272,
        0.08092360000591725,
        0.08132570004090667,
        0.08094849996268749,
        0.08099319995380938,
        0.08059859997592866,
        0.08073960000183433,
        0.08071979996748269,
        0.08111280004959553,
        0.08059189992491156,
        0.08077810006216168,
        0.08097280003130436
      ],
      "mean_sec": 0.08273703798651695,
      "min_sec": 0.08046980004291981,
      "max_sec": 0.08856900001410395
    }
  },
  "toolchain": "msvc",
  "platform": "arm64",
  "machine": {
    "machine_id": "gleb-devkit-arm64",
    "hostname": "GLEB-DEVKIT",
    "arch": "ARM64",
    "processor": "ARMv8 (64-bit) Family 8 Model D4B Revision   0, Qualcomm Technologies Inc",
    "os": "Windows-11-10.0.27975-SP0",
    "cpu_count": 8
  }
}