{
  "benchmark": "numpy_suite",
  "size": 1000000,
  "runs": 50,
  "operations": {
    "sqrt": {
      "times_sec": [
        0.0006562999999459862,
        0.0006301000000803469,
        0.0006303999998635845,
        0.0006263000000217289,
        0.0006270000001222797,
        0.0006251999998312385,
        0.0006214999998519488,
        0.0006267999999636231,
        0.0006304999999429128,
        0.0006244000001061067,
        0.0006235999999262276,
        0.0006237000000055559,
        0.0006240000000161672,
        0.0006240999998681218,
        0.0006206000000474887,
        0.0006255000000692235,
        0.0006212000000687112,
        0.0006232000000636617,
        0.0006267999999636231,
        0.0006206999998994434,
        0.0006292000000485132,
        0.0006476000000930071,
        0.0006206999998994434,
        0.0006263000000217289,
        0.0006220000000212167,
        0.0006234999998468993,
        0.0006237000000055559,
        0.0007524999998622661,
        0.0006267000001116685,
        0.0006241999999474501,
        0.000623500000074273,
        0.0006232000000636617,
        0.0006238000000848842,
        0.0006422999999813328,
        0.0006280999998580228,
        0.0006216000001586508,
        0.0006310999999641353,
        0.0006252999999105668,
        0.0006230999999843334,
        0.0006281999999373511,
        0.0006260000000111177,
        0.0006201999999575492,
        0.0006276000001435023,
        0.0006227000001217675,
        0.0006232999999156164,
        0.0006260000000111177,
        0.0006221999999524996,
        0.0006244000001061067,
        0.0006507000000510743,
        0.0006221999999524996
      ],
      "mean_sec": 0.0006292759999951159,
      "min_sec": 0.0006201999999575492,
      "max_sec": 0.0007524999998622661
    },
    "sort": {
      "times_sec": [
        0.061564999999973224,
        0.06168030000003455,
        0.06184379999990597,
        0.06167949999985467,
        0.06161419999989448,
        0.06156750000013744,
        0.061566999999968175,
        0.06226639999999861,
        0.06163169999990714,
        0.06151539999996203,
        0.06156650000002628,
        0.0616671000000224,
        0.061678599999822836,
        0.06153870000002826,
        0.0616299999999228,
        0.06155280000007224,
        0.06173809999995683,
        0.06154360000004999,
        0.06163379999998142,
        0.061516199999914534,
        0.061909199999945486,
        0.06165920000012193,
        0.06156190000001516,
        0.06154070000002321,
        0.0622920000000704,
        0.06343070000002626,
        0.06359969999994064,
        0.06353409999996984,
        0.06340119999981653,
        0.06345100000021375,
        0.06347189999996772,
        0.063491299999896,
        0.06354370000008203,
        0.0634663000000728,
        0.06353949999993347,
        0.06349709999994957,
        0.06349960000011379,
        0.06353079999985312,
        0.06353349999994862,
        0.06345499999997628,
        0.06339409999986856,
        0.06337920000009944,
        0.06345770000007178,
        0.06344179999996413,
        0.06348579999985304,
        0.06335650000005444,
        0.0634480999999596,
        0.06349829999999201,
        0.0635511000000406,
        0.06356030000006285
      ],
      "mean_sec": 0.06257954999998674,
      "min_sec": 0.06151539999996203,
      "max_sec": 0.06359969999994064
    }
  },
  "toolchain": "msvc",
  "platform": "arm64",
  "machine": {
    "machine_id": "gleb-surface-15-arm64",
    "hostname": "GLEB-SURFACE-15",
    "arch": "ARM64",
    "processor": "ARMv8 (64-bit) Family 8 Model 1 Revision 201, Qualcomm Technologies Inc",
    "os": "Windows-11-10.0.26595-SP0",
    "cpu_count": 12
  }
}