{
  "benchmark": "numpy_suite",
  "size": 1000000,
  "runs": 50,
  "operations": {
    "sqrt": {
      "times_sec": [
        0.002720600001339335,
        0.002892299999075476,
        0.0026330000000598375,
        0.0026318999989598524,
        0.0026806999994732905,
        0.0026109999998880085,
        0.0026413999985379633,
        0.002833500002452638,
        0.002618300000904128,
        0.0026299000019207597,
        0.0026263999970979057,
        0.00268560000040452,
        0.0026050999986182433,
        0.002723199999309145,
        0.002645299999130657,
        0.002619299997604685,
        0.0026330000000598375,
        0.002632299998367671,
        0.00271710000015446,
        0.0026840999998967163,
        0.002689600001758663,
        0.002638999998453073,
        0.002636799999891082,
        0.0026247999994666316,
        0.0027115000011690427,
        0.002632899999298388,
        0.0027508999992278405,
        0.002619099999719765,
        0.0026292999973520637,
        0.0026233999997202773,
        0.0027171999972779304,
        0.0026351000014983583,
        0.0027736999982153066,
        0.0026170999990426935,
        0.0026270000016666017,
        0.002631600000313483,
        0.0027406000008340925,
        0.0026152999998885207,
        0.002677100001164945,
        0.002587799997854745,
        0.0026323999991291203,
        0.002641099999891594,
        0.0027074999998148996,
        0.0026370000014139805,
        0.002655099997355137,
        0.002711000000999775,
        0.0027182999983779155,
        0.0027010999983758666,
        0.0026450000004842877,
        0.0026466999988770112
      ],
      "mean_sec": 0.0026667799996357646,
      "min_sec": 0.002587799997854745,
      "max_sec": 0.002892299999075476
    },
    "sort": {
      "times_sec": [
        0.06397189999916009,
        0.06394910000017262,
        0.06407069999841042,
        0.0638580999984697,
        0.06386600000041653,
        0.06390259999898262,
        0.06410860000323737,
        0.06371579999904498,
        0.0638241000015114,
        0.06382859999939683,
        0.06393219999881694,
        0.06406229999993229,
        0.0639826999977231,
        0.06410060000052908,
        0.06409410000196658,
        0.0638835999998264,
        0.06379110000125365,
        0.0638595999989775,
        0.06403499999942142,
        0.06408379999993485,
        0.06402140000136569,
        0.06392200000118464,
        0.06382469999880414,
        0.06403830000272137,
        0.06392570000025444,
        0.06405499999891617,
        0.06399909999890951,
        0.06393889999890234,
        0.0638357999996515,
        0.06406100000094739,
        0.06377769999744487,
        0.06406840000272496,
        0.06404860000111512,
        0.06396160000076634,
        0.06410310000137542,
        0.06390720000126748,
        0.0640665999999328,
        0.06391169999915292,
        0.06404900000052294,
        0.0640839000006963,
        0.06405219999942346,
        0.06386199999906239,
        0.06382819999998901,
        0.06400780000330997,
        0.06400560000111,
        0.0641524999991816,
        0.06393050000042422,
        0.06385059999956866,
        0.0637669999996433,
        0.06403829999908339
      ],
      "mean_sec": 0.06396029800009273,
      "min_sec": 0.06371579999904498,
      "max_sec": 0.0641524999991816
    }
  },
  "toolchain": "msvc",
  "platform": "arm64",
  "machine": {
    "machine_id": "gleb-surface-15-arm64",
    "hostname": "GLEB-SURFACE-15",
    "arch": "ARM64",
    "processor": "ARMv8 (64-bit) Family 8 Model 1 Revision 201, Qualcomm Technologies Inc",
    "os": "Windows-11-10.0.26593-SP0",
    "cpu_count": 12
  }
}