{
  "benchmark": "numpy_suite",
  "size": 1000000,
  "runs": 50,
  "operations": {
    "sqrt": {
      "times_sec": [
        0.0027588999982981477,
        0.002710500000830507,
        0.002689299999474315,
        0.0027675999990606215,
        0.0026815000019269064,
        0.002618800001073396,
        0.002650799997354625,
        0.0026121000009879936,
        0.002598700000817189,
        0.0026704000010795426,
        0.002641099999891594,
        0.002646400000230642,
        0.002641600000060862,
        0.002628599999297876,
        0.00273889999880339,
        0.002661800001078518,
        0.002636299999721814,
        0.0026063000004796777,
        0.002629500002512941,
        0.002669099998456659,
        0.0027975999983027577,
        0.0027264999989711214,
        0.002695099999982631,
        0.0026476000020920765,
        0.0026455000006535556,
        0.0026424999996379483,
        0.0037182999985816423,
        0.0034113000001525506,
        0.0033498000011604745,
        0.0033511000001453795,
        0.0037188999995123595,
        0.0026701000024331734,
        0.002583599998615682,
        0.0025580000001355074,
        0.0025781000003917143,
        0.0025524999982735608,
        0.002618299997266149,
        0.0026935000023513567,
        0.0026558000026852824,
        0.002601900003355695,
        0.002572000001237029,
        0.0025796999980229884,
        0.002578799998445902,
        0.0027085000001534354,
        0.002575900001829723,
        0.002573499998106854,
        0.0026486999995540828,
        0.0025439999990339857,
        0.0025768000014068093,
        0.0026954999993904494
      ],
      "mean_sec": 0.002730552000066382,
      "min_sec": 0.0025439999990339857,
      "max_sec": 0.0037188999995123595
    },
    "sort": {
      "times_sec": [
        0.063759000000573,
        0.06388140000126441,
        0.06357980000029784,
        0.06370070000048145,
        0.06383090000235825,
        0.0619025000014517,
        0.06193280000297818,
        0.06203090000053635,
        0.06195790000128909,
        0.06194079999841051,
        0.06183660000169766,
        0.06201330000112648,
        0.06181609999839566,
        0.061905500002467306,
        0.06197269999756827,
        0.06196099999942817,
        0.061835799999244045,
        0.06195360000128858,
        0.06206380000003264,
        0.061785300000337884,
        0.061983600000530714,
        0.06272610000087298,
        0.06380939999871771,
        0.06369429999904241,
        0.06374339999820222,
        0.06383669999922859,
        0.06373399999938556,
        0.06381340000007185,
        0.06383170000117389,
        0.06367550000140909,
        0.06386759999804781,
        0.06389069999931962,
        0.06363109999801964,
        0.06389300000228104,
        0.06382899999880465,
        0.06389520000084303,
        0.06373869999879389,
        0.06392129999949248,
        0.06387049999830197,
        0.06390860000101384,
        0.06372019999980694,
        0.06388270000024932,
        0.06379440000091563,
        0.06382609999855049,
        0.06399400000009337,
        0.0638288999980432,
        0.06374400000277092,
        0.06389659999695141,
        0.06372929999997723,
        0.06371360000048298
      ],
      "mean_sec": 0.06318168000005243,
      "min_sec": 0.061785300000337884,
      "max_sec": 0.06399400000009337
    }
  },
  "toolchain": "msvc",
  "platform": "arm64",
  "machine": {
    "machine_id": "gleb-surface-15-arm64",
    "hostname": "GLEB-SURFACE-15",
    "arch": "ARM64",
    "processor": "ARMv8 (64-bit) Family 8 Model 1 Revision 201, Qualcomm Technologies Inc",
    "os": "Windows-11-10.0.26595-SP0",
    "cpu_count": 12
  }
}