{
  "benchmark": "numpy_suite",
  "size": 1000000,
  "runs": 50,
  "operations": {
    "sqrt": {
      "times_sec": [
        0.002178099999582628,
        0.0024924999997892883,
        0.002127299998392118,
        0.0021198000031290576,
        0.002110900000843685,
        0.0020746999980474357,
        0.0020731000004161615,
        0.0021056999976281077,
        0.0020929999991494697,
        0.0021903000015299767,
        0.002065500000753673,
        0.002079900001263013,
        0.002081399998132838,
        0.002133899997716071,
        0.0021013999976275954,
        0.0021178999995754566,
        0.0022439999993366655,
        0.002093099999910919,
        0.0020761000014317688,
        0.002066599998215679,
        0.0021071000010124408,
        0.0021331999996618833,
        0.002065500000753673,
        0.002119900000252528,
        0.002117699998052558,
        0.002206000001024222,
        0.002120900000591064,
        0.0021324000008462463,
        0.0020867999992333353,
        0.0020864999969489872,
        0.0020813000010093674,
        0.00221629999941797,
        0.0020494999989750795,
        0.0020727999981318135,
        0.0021159999996598344,
        0.002082500002870802,
        0.002050999999482883,
        0.0020924999989802018,
        0.0021325000016076956,
        0.0021237000000837725,
        0.0020960999972885475,
        0.0021139000018592924,
        0.0021106999993207864,
        0.0020475999990594573,
        0.0021035999998275656,
        0.0021142000005056616,
        0.0020841999976255465,
        0.0020491000032052398,
        0.002082999999402091,
        0.0020428999996511266
      ],
      "mean_sec": 0.0021132919997762655,
      "min_sec": 0.0020428999996511266,
      "max_sec": 0.0024924999997892883
    },
    "sort": {
      "times_sec": [
        0.025870000001305016,
        0.02572919999875012,
        0.025863300001219613,
        0.025708600001962623,
        0.025729600001795916,
        0.025831099999777507,
        0.025856199998088414,
        0.02583770000273944,
        0.025612600002205,
        0.025824600001215003,
        0.025747200001205783,
        0.02584270000079414,
        0.025725899999088142,
        0.025613400001020636,
        0.025674500000604894,
        0.025642299999162788,
        0.025827100002061343,
        0.025814299999183277,
        0.025691099999676226,
        0.025787800001126016,
        0.025642399999924237,
        0.02573579999807407,
        0.025804400000197347,
        0.025768199997401098,
        0.026013099999545375,
        0.02568070000052103,
        0.02569220000077621,
        0.0257939000002807,
        0.025660200000857003,
        0.02573629999824334,
        0.025746100000105798,
        0.025783699999010423,
        0.025724400002218317,
        0.025742599998920923,
        0.025727899999765214,
        0.02573819999815896,
        0.025664299999334617,
        0.02584740000020247,
        0.0257119000016246,
        0.02570710000145482,
        0.02583310000045458,
        0.025807000001805136,
        0.025737699997989694,
        0.025724800001626136,
        0.025909399999363814,
        0.02597310000055586,
        0.0258057999999437,
        0.02564640000127838,
        0.02565640000102576,
        0.025630699998146156
      ],
      "mean_sec": 0.025757488000235754,
      "min_sec": 0.025612600002205,
      "max_sec": 0.026013099999545375
    }
  },
  "toolchain": "llvm",
  "platform": "arm64",
  "machine": {
    "machine_id": "gleb-surface-15-arm64",
    "hostname": "GLEB-SURFACE-15",
    "arch": "ARM64",
    "processor": "ARMv8 (64-bit) Family 8 Model 1 Revision 201, Qualcomm Technologies Inc",
    "os": "Windows-11-10.0.26595-SP0",
    "cpu_count": 12
  }
}