{
  "benchmark": "numpy_suite",
  "size": 1000000,
  "runs": 50,
  "operations": {
    "sqrt": {
      "times_sec": [
        0.0021252999977150466,
        0.0021416999989014585,
        0.0022223000014491845,
        0.0021654999982274603,
        0.002116700001352001,
        0.0021302999994077254,
        0.0021535999985644594,
        0.0021421999990707263,
        0.0021344999986467883,
        0.002204899999924237,
        0.0021563000009336974,
        0.002230099998996593,
        0.002155599999241531,
        0.0021601999978884123,
        0.0021817000015289523,
        0.0021568000011029653,
        0.002164200002880534,
        0.0021720000004279427,
        0.0021510000005946495,
        0.0021434000009321608,
        0.0021257999978843145,
        0.0021234000014374033,
        0.0021549999983108137,
        0.0020804999985557515,
        0.0021316999991540797,
        0.0021076000011817086,
        0.0021505000004253816,
        0.0022355000000970904,
        0.0021254999992379453,
        0.0021609999967040494,
        0.0021985000021231826,
        0.002135499998985324,
        0.0021772000000055414,
        0.0021457000002556015,
        0.0021588999989035074,
        0.0020541000012599397,
        0.002155099999072263,
        0.002147200000763405,
        0.002156399998057168,
        0.0021441000026243273,
        0.002134500002284767,
        0.002111400001012953,
        0.002170199997635791,
        0.0021473000015248545,
        0.002147999999579042,
        0.002182100000936771,
        0.0020426000010047574,
        0.0020890000014333054,
        0.002089099998556776,
        0.0021081000013509765
      ],
      "mean_sec": 0.0021459959999629062,
      "min_sec": 0.0020426000010047574,
      "max_sec": 0.0022355000000970904
    },
    "sort": {
      "times_sec": [
        0.025933400000212714,
        0.02583519999825512,
        0.025731800000357907,
        0.02575769999748445,
        0.025829899997916073,
        0.026196300001174677,
        0.025758200001291698,
        0.02562699999907636,
        0.025872100002743537,
        0.02586669999800506,
        0.025802799998928094,
        0.025770399999601068,
        0.02583529999901657,
        0.025693799998407485,
        0.025881999998091487,
        0.025822399999015033,
        0.025818999998591607,
        0.025827199999184813,
        0.02554279999822029,
        0.025754999998753192,
        0.025696999997308012,
        0.025785600002564024,
        0.025815000000875443,
        0.02585200000248733,
        0.025810000002820743,
        0.026121399998373818,
        0.02580630000011297,
        0.025783100001717685,
        0.02572660000078031,
        0.025754599999345373,
        0.025853700000880053,
        0.02568240000255173,
        0.025898700001562247,
        0.025599800002964912,
        0.025688400000944966,
        0.025751299999683397,
        0.025887499999953434,
        0.025874999999359716,
        0.025802499996643746,
        0.025792399999772897,
        0.025744699996721465,
        0.025781399999686982,
        0.025823800002399366,
        0.025720000001456356,
        0.025681800001621014,
        0.02581590000045253,
        0.02573639999900479,
        0.025599799999326933,
        0.025823700001637917,
        0.025699199999507982
      ],
      "mean_sec": 0.025791379999936907,
      "min_sec": 0.02554279999822029,
      "max_sec": 0.026196300001174677
    }
  },
  "toolchain": "llvm",
  "platform": "arm64",
  "machine": {
    "machine_id": "gleb-surface-15-arm64",
    "hostname": "GLEB-SURFACE-15",
    "arch": "ARM64",
    "processor": "ARMv8 (64-bit) Family 8 Model 1 Revision 201, Qualcomm Technologies Inc",
    "os": "Windows-11-10.0.26593-SP0",
    "cpu_count": 12
  }
}