{
  "benchmark": "numpy_count_nonzero",
  "size": 1000000,
  "runs": 50,
  "times_sec": [
    0.0001605004072189331,
    0.00017199991270899773,
    0.00016239983960986137,
    0.00014140037819743156,
    0.0001354999840259552,
    0.0001421002671122551,
    0.00013020029291510582,
    0.000130500178784132,
    0.0001280996948480606,
    0.00014879973605275154,
    0.0001300000585615635,
    0.00012699980288743973,
    0.0001233997754752636,
    0.0001233997754752636,
    0.00015660002827644348,
    0.00012560002505779266,
    0.0001230998896062374,
    0.00012280000373721123,
    0.00012199999764561653,
    0.0001217997632920742,
    0.00012269988656044006,
    0.00012269988656044006,
    0.0001229001209139824,
    0.00012190034613013268,
    0.00012189988046884537,
    0.0001221001148223877,
    0.00012480001896619797,
    0.00012119999155402184,
    0.00012850016355514526,
    0.00012250011786818504,
    0.00012189988046884537,
    0.00012189988046884537,
    0.00012119999155402184,
    0.00012199999764561653,
    0.000121300108730793,
    0.000121300108730793,
    0.000121300108730793,
    0.00012199999764561653,
    0.00012149987742304802,
    0.00012129964306950569,
    0.00012119999155402184,
    0.00012119999155402184,
    0.000121300108730793,
    0.00012619979679584503,
    0.00012139976024627686,
    0.00012119999155402184,
    0.00012199999764561653,
    0.00012149987742304802,
    0.000121300108730793,
    0.00012129964306950569
  ],
  "mean_sec": 0.00012785398401319982,
  "min_sec": 0.00012119999155402184,
  "max_sec": 0.00017199991270899773,
  "toolchain": "msvc",
  "platform": "x64"
}