{
  "benchmark": "numpy_count_nonzero",
  "size": 1000000,
  "runs": 50,
  "times_sec": [
    0.0002405000850558281,
    0.00012980028986930847,
    0.00012869993224740028,
    0.0001229001209139824,
    0.00012869993224740028,
    0.00012010009959340096,
    0.00012219976633787155,
    0.0001225997693836689,
    0.00012300023809075356,
    0.00012930016964673996,
    0.00012230034917593002,
    0.00011949986219406128,
    0.00012700026854872704,
    0.00012589991092681885,
    0.00012379977852106094,
    0.00012219976633787155,
    0.00012220023199915886,
    0.00012019975110888481,
    0.00012380024418234825,
    0.0001317998394370079,
    0.00012999959290027618,
    0.0001226002350449562,
    0.00012310035526752472,
    0.00012730015441775322,
    0.00012779980897903442,
    0.0001233997754752636,
    0.00012199999764561653,
    0.00012730015441775322,
    0.0001326003111898899,
    0.00012579979375004768,
    0.00012330012395977974,
    0.00012589991092681885,
    0.00013149995356798172,
    0.00012220023199915886,
    0.0001226002350449562,
    0.0001229001209139824,
    0.00013189995661377907,
    0.000125800259411335,
    0.0001217997632920742,
    0.00012180022895336151,
    0.00012779980897903442,
    0.00012360000982880592,
    0.00012299977242946625,
    0.0001233997754752636,
    0.00012860028073191643,
    0.00012690015137195587,
    0.0001229001209139824,
    0.00012229988351464272,
    0.00012600002810359,
    0.00012939982116222382
  ],
  "mean_sec": 0.00012744002044200897,
  "min_sec": 0.00011949986219406128,
  "max_sec": 0.0002405000850558281,
  "toolchain": "llvm",
  "platform": "x64"
}