{
  "benchmark": "blender_render",
  "machine": {
    "machine_id": "gleb-devkit-arm64",
    "hostname": "GLEB-DEVKIT",
    "arch": "ARM64",
    "processor": "ARMv8 (64-bit) Family 8 Model D4B Revision   0, Qualcomm Technologies Inc",
    "os": "Windows-11-10.0.27975-SP0",
    "cpu_count": 8
  },
  "toolchain": "msvc",
  "platform": "arm64",
  "scenes": {
    "bmw27": {
      "time_sec": 2.718327800015686,
      "returncode": 3221225477
    },
    "barbershop_interior": {
      "time_sec": 0.6710408999933861,
      "returncode": 3221225477
    },
    "classroom": {
      "time_sec": 0.8843898999912199,
      "returncode": 3221225477
    },
    "fishy_cat": {
      "time_sec": 0.6513182999915443,
      "returncode": 3221225477
    },
    "koro": {
      "time_sec": 0.6389751999813598,
      "returncode": 3221225477
    },
    "monster": {
      "time_sec": 0.5994246000191197,
      "returncode": 3221225477
    },
    "spring": {
      "time_sec": 0.6444372999831103,
      "returncode": 3221225477
    },
    "victor": {
      "time_sec": 1.152682099986123,
      "returncode": 3221225477
    },
    "junkshop": {
      "time_sec": 0.6105651000107173,
      "returncode": 3221225477
    }
  }
}